{"cameraMode":{"drawMode":0,"name":"Shaded","section":"Shading Mode"},"sceneLighting":false,"audioPlay":false,"sceneViewState":{"showFog":false,"showMaterialUpdate":false,"showSkybox":false,"showFlares":false,"showImageEffects":false,"showParticleSystems":false},"in2DMode":false,"pivot":{"x":0.582763135433197,"y":2.6271772384643556,"z":-1.1927038431167603},"rotation":{"x":0.4101625084877014,"y":-0.17217816412448884,"z":0.08242762833833695,"w":0.8923603296279907},"size":7.2706451416015629,"orthographic":false}