{"cameraMode":{"drawMode":0,"name":"Shaded","section":"Shading Mode"},"sceneLighting":true,"audioPlay":false,"sceneViewState":{"showFog":false,"showMaterialUpdate":false,"showSkybox":false,"showFlares":false,"showImageEffects":false,"showParticleSystems":false},"in2DMode":false,"pivot":{"x":53.11540222167969,"y":-489.15484619140627,"z":1711.1019287109375},"rotation":{"x":0.16075803339481355,"y":-0.011745652183890343,"z":0.003896070644259453,"w":0.9874456524848938},"size":1578.6279296875,"orthographic":false}