{"cameraMode":{"drawMode":0,"name":"Shaded","section":"Shading Mode"},"sceneLighting":false,"audioPlay":false,"sceneViewState":{"showFog":false,"showMaterialUpdate":false,"showSkybox":false,"showFlares":false,"showImageEffects":false,"showParticleSystems":false},"in2DMode":false,"pivot":{"x":-9.037917137145996,"y":-1.3151758909225464,"z":5.730836868286133},"rotation":{"x":0.36145317554473879,"y":0.5296114087104797,"z":-0.2637695074081421,"w":0.7209364771842957},"size":4.060614585876465,"orthographic":false}