{"cameraMode":{"drawMode":0,"name":"Shaded","section":"Shading Mode"},"sceneLighting":false,"audioPlay":false,"sceneViewState":{"showFog":false,"showMaterialUpdate":false,"showSkybox":false,"showFlares":false,"showImageEffects":false,"showParticleSystems":false},"in2DMode":false,"pivot":{"x":0.5941619873046875,"y":-0.40008044242858889,"z":0.1707329899072647},"rotation":{"x":-0.38763871788978579,"y":-0.5750203728675842,"z":0.3508986234664917,"w":-0.6300399899482727},"size":2.000178813934326,"orthographic":false}