{"cameraMode":{"drawMode":0,"name":"Shaded","section":"Shading Mode"},"sceneLighting":false,"audioPlay":false,"sceneViewState":{"showFog":false,"showMaterialUpdate":false,"showSkybox":false,"showFlares":false,"showImageEffects":false,"showParticleSystems":false},"in2DMode":false,"pivot":{"x":-2.105074167251587,"y":4.963105201721191,"z":-0.5443449020385742},"rotation":{"x":-0.4030464291572571,"y":-0.4509256184101105,"z":0.23541195690631867,"w":-0.7613179087638855},"size":1.4217795133590699,"orthographic":false}