{"cameraMode":{"drawMode":0,"name":"Shaded","section":"Shading Mode"},"sceneLighting":false,"audioPlay":false,"sceneViewState":{"showFog":false,"showMaterialUpdate":false,"showSkybox":false,"showFlares":false,"showImageEffects":false,"showParticleSystems":false},"in2DMode":false,"pivot":{"x":-3.3243374824523927,"y":2.144777536392212,"z":-3.646697521209717},"rotation":{"x":0.4102199971675873,"y":0.3964154124259949,"z":-0.2039227932691574,"w":0.7957524061203003},"size":4.341658592224121,"orthographic":false}