{"cameraMode":{"drawMode":0,"name":"Shaded","section":"Shading Mode"},"sceneLighting":false,"audioPlay":false,"sceneViewState":{"showFog":false,"showMaterialUpdate":false,"showSkybox":false,"showFlares":false,"showImageEffects":false,"showParticleSystems":false},"in2DMode":false,"pivot":{"x":-9.495392799377442,"y":0.6425638794898987,"z":4.754712104797363},"rotation":{"x":0.30730053782463076,"y":-0.3156360387802124,"z":0.11028216034173966,"w":0.8915146589279175},"size":1.3353798389434815,"orthographic":false}