{"cameraMode":{"drawMode":0,"name":"Shaded","section":"Shading Mode"},"sceneLighting":true,"audioPlay":false,"sceneViewState":{"showFog":false,"showMaterialUpdate":false,"showSkybox":false,"showFlares":false,"showImageEffects":false,"showParticleSystems":false},"in2DMode":false,"pivot":{"x":4.411775588989258,"y":28.40339469909668,"z":-33.84745788574219},"rotation":{"x":-0.12588566541671754,"y":0.21419845521450044,"z":-0.03095005452632904,"w":-0.9686013460159302},"size":6.07520055770874,"orthographic":false}