{"cameraMode":{"drawMode":0,"name":"Shaded","section":"Shading Mode"},"sceneLighting":true,"audioPlay":false,"sceneViewState":{"showFog":false,"showMaterialUpdate":false,"showSkybox":false,"showFlares":false,"showImageEffects":false,"showParticleSystems":false},"in2DMode":false,"pivot":{"x":29.459508895874025,"y":-56.57843780517578,"z":79.25305938720703},"rotation":{"x":-0.3829188346862793,"y":-0.07512969523668289,"z":0.02828441560268402,"w":-0.9207253456115723},"size":200.41424560546876,"orthographic":false}