{"cameraMode":{"drawMode":0,"name":"Shaded","section":"Shading Mode"},"sceneLighting":false,"audioPlay":false,"sceneViewState":{"showFog":false,"showMaterialUpdate":false,"showSkybox":false,"showFlares":false,"showImageEffects":false,"showParticleSystems":false},"in2DMode":false,"pivot":{"x":-1.279245376586914,"y":2.699136972427368,"z":-3.606740713119507},"rotation":{"x":0.38332390785217287,"y":-0.23838280141353608,"z":0.10637949407100678,"w":0.8865105509757996},"size":2.431008815765381,"orthographic":false}