{"cameraMode":{"drawMode":0,"name":"Shaded","section":"Shading Mode"},"sceneLighting":true,"audioPlay":false,"sceneViewState":{"showFog":false,"showMaterialUpdate":false,"showSkybox":false,"showFlares":false,"showImageEffects":false,"showParticleSystems":false},"in2DMode":false,"pivot":{"x":-5.356051921844482,"y":0.20955216884613038,"z":-1.8339200019836426},"rotation":{"x":-0.028990481048822404,"y":-0.5289176106452942,"z":0.01476956345140934,"w":-0.8485473990440369},"size":0.49500003457069399,"orthographic":false}