{"cameraMode":{"drawMode":0,"name":"Shaded","section":"Shading Mode"},"sceneLighting":false,"audioPlay":false,"sceneViewState":{"showFog":false,"showMaterialUpdate":false,"showSkybox":false,"showFlares":false,"showImageEffects":false,"showParticleSystems":false},"in2DMode":false,"pivot":{"x":-11.529664993286133,"y":0.7041419744491577,"z":9.38322639465332},"rotation":{"x":0.16916465759277345,"y":-0.17190806567668916,"z":0.031062638387084008,"w":0.9702165722846985},"size":5.701968193054199,"orthographic":false}