{"cameraMode":{"drawMode":0,"name":"Shaded","section":"Shading Mode"},"sceneLighting":true,"audioPlay":false,"sceneViewState":{"showFog":false,"showMaterialUpdate":false,"showSkybox":false,"showFlares":false,"showImageEffects":false,"showParticleSystems":false},"in2DMode":false,"pivot":{"x":135.4948272705078,"y":15.807398796081543,"z":51.94828414916992},"rotation":{"x":-0.2943035960197449,"y":0.0262437853962183,"z":-0.010110623203217984,"w":-0.9556072950363159},"size":123.31487274169922,"orthographic":false}