{"cameraMode":{"drawMode":0,"name":"Shaded","section":"Shading Mode"},"sceneLighting":false,"audioPlay":false,"sceneViewState":{"showFog":false,"showMaterialUpdate":false,"showSkybox":false,"showFlares":false,"showImageEffects":false,"showParticleSystems":false},"in2DMode":false,"pivot":{"x":-0.4199502468109131,"y":4.503833770751953,"z":-3.9438939094543459},"rotation":{"x":0.2725823223590851,"y":-0.040191151201725009,"z":0.012344560585916043,"w":0.9614163041114807},"size":4.641658782958984,"orthographic":false}