{"cameraMode":{"drawMode":0,"name":"Shaded","section":"Shading Mode"},"sceneLighting":true,"audioPlay":false,"sceneViewState":{"showFog":false,"showMaterialUpdate":false,"showSkybox":false,"showFlares":false,"showImageEffects":false,"showParticleSystems":false},"in2DMode":false,"pivot":{"x":-134.5086669921875,"y":38.18575668334961,"z":-211.3610076904297},"rotation":{"x":-0.07578044384717941,"y":-0.08918347954750061,"z":0.004322715103626251,"w":-0.9935148358345032},"size":31.836318969726564,"orthographic":false}