{"cameraMode":{"drawMode":0,"name":"Shaded","section":"Shading Mode"},"sceneLighting":true,"audioPlay":false,"sceneViewState":{"showFog":false,"showMaterialUpdate":false,"showSkybox":false,"showFlares":false,"showImageEffects":false,"showParticleSystems":false},"in2DMode":false,"pivot":{"x":-25.494733810424806,"y":-293.2457275390625,"z":181.1889190673828},"rotation":{"x":-0.5481541752815247,"y":-0.005654499400407076,"z":0.0010876754531636835,"w":-0.8368053436279297},"size":729.5846557617188,"orthographic":false}