{"cameraMode":{"drawMode":0,"name":"Shaded","section":"Shading Mode"},"sceneLighting":false,"audioPlay":false,"sceneViewState":{"showFog":false,"showMaterialUpdate":false,"showSkybox":false,"showFlares":false,"showImageEffects":false,"showParticleSystems":false},"in2DMode":false,"pivot":{"x":-3.4091241359710695,"y":-1.0477125644683838,"z":0.8637957572937012},"rotation":{"x":0.4954034686088562,"y":-0.06493630260229111,"z":0.04033317789435387,"w":0.8658459186553955},"size":7.591253280639648,"orthographic":false}