{"cameraMode":{"drawMode":0,"name":"Shaded","section":"Shading Mode"},"sceneLighting":true,"audioPlay":false,"sceneViewState":{"showFog":false,"showMaterialUpdate":false,"showSkybox":false,"showFlares":false,"showImageEffects":false,"showParticleSystems":false},"in2DMode":false,"pivot":{"x":783.7788696289063,"y":-5.8076887130737309,"z":646.2085571289063},"rotation":{"x":-0.7115693688392639,"y":0.0021699860226362945,"z":-0.005276095122098923,"w":-0.7030815482139587},"size":65.73551177978516,"orthographic":false}