{"cameraMode":{"drawMode":0,"name":"Shaded","section":"Shading Mode"},"sceneLighting":true,"audioPlay":false,"sceneViewState":{"showFog":false,"showMaterialUpdate":false,"showSkybox":false,"showFlares":false,"showImageEffects":false,"showParticleSystems":false},"in2DMode":false,"pivot":{"x":34.40999984741211,"y":0.19999998807907105,"z":36.0},"rotation":{"x":0.32960885763168337,"y":-0.5377877354621887,"z":0.24411575496196748,"w":0.7372384071350098},"size":7.39054536819458,"orthographic":false}