{"cameraMode":{"drawMode":0,"name":"Shaded","section":"Shading Mode"},"sceneLighting":false,"audioPlay":false,"sceneViewState":{"showFog":false,"showMaterialUpdate":false,"showSkybox":false,"showFlares":false,"showImageEffects":false,"showParticleSystems":false},"in2DMode":false,"pivot":{"x":34.10892868041992,"y":-1.207418441772461,"z":26.838844299316408},"rotation":{"x":-0.23276387155056,"y":-0.03633245825767517,"z":0.006310161203145981,"w":-0.9722091555595398},"size":5.715777397155762,"orthographic":false}