{"cameraMode":{"drawMode":0,"name":"Shaded","section":"Shading Mode"},"sceneLighting":false,"audioPlay":false,"sceneViewState":{"showFog":false,"showMaterialUpdate":false,"showSkybox":false,"showFlares":false,"showImageEffects":false,"showParticleSystems":false},"in2DMode":false,"pivot":{"x":-1.609399437904358,"y":-3.6254677772521974,"z":4.487833499908447},"rotation":{"x":-0.33335381746292117,"y":-0.19026993215084077,"z":0.06688482314348221,"w":-0.9212777018547058},"size":15.85268497467041,"orthographic":false}