{"cameraMode":{"drawMode":0,"name":"Shaded","section":"Shading Mode"},"sceneLighting":false,"audioPlay":false,"sceneViewState":{"showFog":false,"showMaterialUpdate":false,"showSkybox":false,"showFlares":false,"showImageEffects":false,"showParticleSystems":false},"in2DMode":false,"pivot":{"x":-45.67051315307617,"y":84.23284149169922,"z":-76.21804809570313},"rotation":{"x":-0.0455765463411808,"y":-0.17842699587345124,"z":0.0059632789343595509,"w":-0.9832810163497925},"size":10.472542762756348,"orthographic":false}