{"cameraMode":{"drawMode":0,"name":"Shaded","section":"Shading Mode"},"sceneLighting":true,"audioPlay":false,"sceneViewState":{"showFog":false,"showMaterialUpdate":false,"showSkybox":false,"showFlares":false,"showImageEffects":false,"showParticleSystems":false},"in2DMode":false,"pivot":{"x":-475.0818176269531,"y":7.314067840576172,"z":523.7661743164063},"rotation":{"x":-0.5431047081947327,"y":0.006351429037749767,"z":-0.00773958396166563,"w":-0.8401261568069458},"size":2.8435304164886476,"orthographic":false}