{"cameraMode":{"drawMode":0,"name":"Shaded","section":"Shading Mode"},"sceneLighting":false,"audioPlay":false,"sceneViewState":{"showFog":false,"showMaterialUpdate":false,"showSkybox":false,"showFlares":false,"showImageEffects":false,"showParticleSystems":false},"in2DMode":false,"pivot":{"x":-0.11769373714923859,"y":-6.561286926269531,"z":4.273404598236084},"rotation":{"x":-0.40126821398735049,"y":0.007062917575240135,"z":-0.005035917274653912,"w":-0.9162223935127258},"size":15.85268497467041,"orthographic":false}