{"cameraMode":{"drawMode":0,"name":"Shaded","section":"Shading Mode"},"sceneLighting":false,"audioPlay":false,"sceneViewState":{"showFog":false,"showMaterialUpdate":false,"showSkybox":false,"showFlares":false,"showImageEffects":false,"showParticleSystems":false},"in2DMode":false,"pivot":{"x":-4.1554436683654789,"y":-0.8954861164093018,"z":0.6776776909828186},"rotation":{"x":-0.18374335765838624,"y":0.01833406463265419,"z":-0.005284472834318876,"w":-0.9830703139305115},"size":15.85268497467041,"orthographic":false}