{"cameraMode":{"drawMode":0,"name":"Shaded","section":"Shading Mode"},"sceneLighting":false,"audioPlay":false,"sceneViewState":{"showFog":false,"showMaterialUpdate":false,"showSkybox":false,"showFlares":false,"showImageEffects":false,"showParticleSystems":false},"in2DMode":false,"pivot":{"x":-0.40690961480140688,"y":2.554319381713867,"z":-5.398863315582275},"rotation":{"x":0.09446793794631958,"y":-0.6897536516189575,"z":0.09210960566997528,"w":0.7121081352233887},"size":2.541658639907837,"orthographic":false}