{"cameraMode":{"drawMode":0,"name":"Shaded","section":"Shading Mode"},"sceneLighting":false,"audioPlay":false,"sceneViewState":{"showFog":false,"showMaterialUpdate":false,"showSkybox":false,"showFlares":false,"showImageEffects":false,"showParticleSystems":false},"in2DMode":false,"pivot":{"x":-1.672533392906189,"y":6.550926208496094,"z":-4.1060895919799809},"rotation":{"x":-0.30726101994514468,"y":0.01603432185947895,"z":-0.007248634938150644,"w":-0.9517478942871094},"size":11.69632625579834,"orthographic":false}