{"cameraMode":{"drawMode":0,"name":"Shaded","section":"Shading Mode"},"sceneLighting":true,"audioPlay":false,"sceneViewState":{"showFog":false,"showMaterialUpdate":false,"showSkybox":false,"showFlares":false,"showImageEffects":false,"showParticleSystems":false},"in2DMode":false,"pivot":{"x":39.976768493652347,"y":-11.249040603637696,"z":43.8763313293457},"rotation":{"x":-0.3538235127925873,"y":-0.35658830404281618,"z":0.14559465646743775,"w":-0.8529030680656433},"size":20.410032272338868,"orthographic":false}