{"cameraMode":{"drawMode":0,"name":"Shaded","section":"Shading Mode"},"sceneLighting":false,"audioPlay":false,"sceneViewState":{"showFog":false,"showMaterialUpdate":false,"showSkybox":false,"showFlares":false,"showImageEffects":false,"showParticleSystems":false},"in2DMode":false,"pivot":{"x":0.4446012079715729,"y":8.878704071044922,"z":12.844265937805176},"rotation":{"x":0.20240797102451325,"y":-0.7547664046287537,"z":0.2731291651725769,"w":0.561318576335907},"size":5.241659164428711,"orthographic":false}