{"cameraMode":{"drawMode":0,"name":"Shaded","section":"Shading Mode"},"sceneLighting":true,"audioPlay":false,"sceneViewState":{"showFog":false,"showMaterialUpdate":false,"showSkybox":false,"showFlares":false,"showImageEffects":false,"showParticleSystems":false},"in2DMode":false,"pivot":{"x":-158.1072998046875,"y":-7.355316162109375,"z":538.4244995117188},"rotation":{"x":-0.41783204674720766,"y":0.0406123585999012,"z":-0.019672570750117303,"w":-0.9077755212783814},"size":612.5253295898438,"orthographic":false}