{"cameraMode":{"drawMode":0,"name":"Shaded","section":"Shading Mode"},"sceneLighting":false,"audioPlay":false,"sceneViewState":{"showFog":false,"showMaterialUpdate":false,"showSkybox":false,"showFlares":false,"showImageEffects":false,"showParticleSystems":false},"in2DMode":false,"pivot":{"x":0.4488000273704529,"y":4.81202507019043,"z":-0.1806645691394806},"rotation":{"x":0.20073746144771577,"y":-0.7365033030509949,"z":0.2538914978504181,"w":0.5948389172554016},"size":11.22517204284668,"orthographic":false}