{"cameraMode":{"drawMode":0,"name":"Shaded","section":"Shading Mode"},"sceneLighting":true,"audioPlay":false,"sceneViewState":{"showFog":false,"showMaterialUpdate":false,"showSkybox":false,"showFlares":false,"showImageEffects":false,"showParticleSystems":false},"in2DMode":false,"pivot":{"x":-3.3234493732452394,"y":21.518537521362306,"z":-16.445737838745118},"rotation":{"x":-0.28645461797714236,"y":-0.020209921523928644,"z":0.003294004127383232,"w":-0.9583150148391724},"size":22.0,"orthographic":false}