{"cameraMode":{"drawMode":0,"name":"Shaded","section":"Shading Mode"},"sceneLighting":true,"audioPlay":false,"sceneViewState":{"showFog":false,"showMaterialUpdate":false,"showSkybox":false,"showFlares":false,"showImageEffects":false,"showParticleSystems":false},"in2DMode":false,"pivot":{"x":789.8008422851563,"y":84.7962646484375,"z":852.8900146484375},"rotation":{"x":-0.6693440675735474,"y":0.2401810735464096,"z":0.6582791209220886,"w":0.24819369614124299},"size":1062.63232421875,"orthographic":false}