{"cameraMode":{"drawMode":0,"name":"Shaded","section":"Shading Mode"},"sceneLighting":true,"audioPlay":false,"sceneViewState":{"showFog":false,"showMaterialUpdate":false,"showSkybox":false,"showFlares":false,"showImageEffects":false,"showParticleSystems":false},"in2DMode":false,"pivot":{"x":16.2640380859375,"y":13.908650398254395,"z":27.17206573486328},"rotation":{"x":0.4944430887699127,"y":-0.0030608088709414007,"z":0.004215584136545658,"w":0.8698068261146545},"size":6.702332019805908,"orthographic":false}