{"cameraMode":{"drawMode":0,"name":"Shaded","section":"Shading Mode"},"sceneLighting":true,"audioPlay":false,"sceneViewState":{"showFog":false,"showMaterialUpdate":false,"showSkybox":false,"showFlares":false,"showImageEffects":false,"showParticleSystems":false},"in2DMode":false,"pivot":{"x":3.7380590438842775,"y":-9.437211990356446,"z":11.016058921813965},"rotation":{"x":0.4028399586677551,"y":0.05055069178342819,"z":-0.019363703206181527,"w":0.9141912460327148},"size":32.817588806152347,"orthographic":false}