{"cameraMode":{"drawMode":0,"name":"Shaded","section":"Shading Mode"},"sceneLighting":true,"audioPlay":false,"sceneViewState":{"showFog":false,"showMaterialUpdate":false,"showSkybox":false,"showFlares":false,"showImageEffects":false,"showParticleSystems":false},"in2DMode":false,"pivot":{"x":603.1923217773438,"y":18.99847412109375,"z":685.4507446289063},"rotation":{"x":-0.03912286460399628,"y":0.8439884781837463,"z":-0.0660737082362175,"w":-0.5314034819602966},"size":310.4592590332031,"orthographic":false}